rank,variant_id,GencodeGeneName,GencodeGeneId,GencodeGeneRegion,CanonicalMotif,NumRepeatsInReference,LPSLengthStdevFromHPRC100,StdevFromT2TAssemblies,StdevFromIllumina174k,composite_score,percentile_rank,CAGE_2x_mean_q,CAGE_5x_mean_q,CAGE_20x_mean_q,CAGE_20x_mean_raw,ATAC_2x_mean_q,ATAC_5x_mean_q,CHIP_TF_2x_mean_q,CHIP_TF_2x_frac_neg_q,RNA_SEQ_5x_max_abs_raw,RNA_SEQ_20x_max_abs_raw,CHIP_HISTONE_20x_mean_q
1,17-32142451-32142499-CCG,RHOT1,ENSG00000126858,5' UTR,CCG,16,3.854,3.828866061756296,4.011010530610539,1.9111509347939268,99.98496240601503,-0.85433,-0.999101,-0.996212,-2.81073,0.000300901,-0.00171892,0.0204662,0.482684,1.4151,2.30598,-0.0846696
2,13-35476296-35476353-CTG,MAB21L1,ENSG00000180660,5' UTR,AGC,19,4.114,4.105622858136685,4.08126470712717,1.8315210678487324,99.9548872180451,-0.641402,-0.998627,-0.994641,-1.32,0.530928,-0.0374962,-0.0521744,0.423624,0.716864,1.6161,-0.0517299
3,3-74614433-74614478-CGC,CNTN3,ENSG00000113805,5' UTR,CCG,15,1.751,1.6736908196840914,1.569280435157936,1.7468192479430262,99.93984962406014,-0.289566,-0.789949,-0.862522,-2.40731,-0.0419012,-0.0584153,-0.155718,0.422078,1.91044,2.23024,-0.0956481
4,12-124567591-124567636-GGC,NCOR2,ENSG00000196498,5' UTR,CCG,15,2.156,2.0785843308638743,2.195505000022446,1.6658055746157363,99.92481203007519,-0.184787,-0.926948,-0.912954,-1.65634,0.000439782,-0.00231948,-0.0961707,0.499382,1.44247,4.97036,-0.110201
5,3-25664849-25664867-GCC,TOP2B,ENSG00000077097,5' UTR,CCG,6,0.366,0.2249990868562082,,1.6010302432618877,99.89473684210526,-0.369242,-0.99298,-0.566855,-2.46116,0.417313,0.00162061,0.202561,0.397032,4.37459,5.91381,-0.0834942
6,9-92764801-92764831-GCC,BICD2,ENSG00000185963,5' UTR,CCG,10,2.883,1.0688610010563695,1.011704281868343,1.583764230357288,99.8796992481203,-0.999167,-0.999448,-0.999916,-2.70208,0.00269053,3.52114e-05,-0.0343656,0.495362,1.02472,1.68621,-0.08086
7,X-7147882-7147891-GCC,STS,ENSG00000101846,5' UTR,CCG,3,0.0,,,1.5440351213703787,99.86466165413533,-0.949344,-0.461693,-0.999651,-2.99794,0.00431828,0.000498489,-0.015874,0.490414,1.83581,3.30035,0.0780155
8,2-227472179-227472196-GGC,AGFG1,ENSG00000173744,5' UTR,CCG,5,0.0,,,1.532344362002781,99.84962406015038,-0.0600628,-0.00713915,-0.600471,-1.19526,0.0554078,0.00925955,0.0274812,0.480519,3.3861,3.91204,-0.00112381
9,X-148500631-148500691-GCC,AFF2,ENSG00000155966,5' UTR,CCG,20,3.666,0.1596140974101119,,1.5322050197296158,99.8345864661654,-0.436554,-0.592298,-0.707805,-1.77018,0.000128677,-0.0238598,-0.2684,0.469697,0.898255,1.46378,-0.118182
10,2-190880872-190880920-GCA,GLS,ENSG00000115419,5' UTR,AGC,16,3.995,3.514007613381529,,1.530675527879681,99.81954887218045,-0.0565569,-0.996981,-0.999069,-0.800682,0.0592335,0.00352537,0.0425494,0.477737,0.95756,1.54818,-0.0209042
11,5-443220-443277-GGC,EXOC3,ENSG00000180104,5' UTR,CCG,19,5.296,3.734990782755901,4.597636407149822,1.4953601962349137,99.80451127819549,-0.0179091,-0.970196,-0.15408,-0.562724,0.000754819,-0.00310937,-0.0223779,0.494743,0.758306,0.796798,-0.0331415
12,19-10871583-10871649-GCG,CARM1,ENSG00000142453,5' UTR,CCG,22,2.954,2.8203962679881105,,1.4852985857950083,99.78947368421053,-0.222971,-0.999675,-0.999876,-1.57034,0.0154603,0.00247543,-0.0697592,0.474335,0.231886,0.307551,-0.145868
13,19-2308142-2308175-GCC,LINGO3,ENSG00000220008,5' UTR,CCG,11,4.823,3.1490152181565367,4.331814127931215,1.4604232653242162,99.77443609022556,-0.337067,-0.373021,-0.850021,-1.5258,0.327616,-0.0648152,-0.197448,0.489487,1.1945231,1.4029093,-0.0652685
14,6-73263039-73263084-GGC,KHDC1,ENSG00000135314,5' UTR,CCG,15,1.139,2.4246959046675878,2.6867845844712,1.442026652255492,99.7593984962406,-0.00995859,-0.999973,-0.99998,-3.65305,-0.00201916,-0.00334066,-0.0124045,0.493197,0.87444305,0.931599,-0.0666388
15,X-149631735-149631780-CGC,TMEM185A,ENSG00000269556,5' UTR,CCG,15,3.858,3.9701590711991113,,1.4321558192095571,99.74436090225564,-0.0984933,-0.534631,-0.210217,-1.09034,0.00803953,-0.00379283,-0.0407417,0.49598,1.0348,1.14941,-0.0985927
16,8-116874723-116874734-CCG,RAD21,ENSG00000164754,5' UTR,CCG,3,0.0,,,1.4314587126153386,99.72932330827068,-0.931159,-0.987482,-0.389876,-1.88667,0.00715881,0.000703202,-0.00735809,0.479901,3.69925,4.31184,-0.0590588
17,5-177554489-177554531-CGC,FAM193B,ENSG00000146067,5' UTR,CCG,14,4.327,0.2380441618926556,,1.4260579132230646,99.71428571428571,-0.299167,-0.995126,-0.995945,-2.19043,0.00188547,-0.00191363,-0.0356057,0.499382,0.766177,1.02091,-0.0611731
18,3-48088772-48088784-CCG,MAP4,ENSG00000047849,5' UTR,CCG,4,0.0,,,1.4245989594721367,99.69924812030075,-0.63824,-0.60285,-0.0724284,-3.91774,0.0140736,0.00101897,0.126236,0.425479,3.16511,4.66631,-0.0556277
19,20-36746079-36746121-GCG,NDRG3,ENSG00000101079,5' UTR,CCG,14,1.448,1.434637725817654,1.4658398081185928,1.4058264030719179,99.68421052631578,-0.802007,-0.748889,-0.669632,-1.89186,0.00212473,-0.00150264,-0.0414767,0.493197,1.40526,1.65704,-0.0493859
20,2-210171295-210171340-GCC,KANSL1L,ENSG00000144445,5' UTR,CCG,15,1.263,1.5693873518325694,1.1058179068765153,1.3931965859858897,99.66917293233082,-0.539139,-0.985075,-0.866827,-2.08551,0.00176788,-0.000142936,-0.0172226,0.490414,0.424098,0.502789,-0.122647
21,19-15332501-15332531-GCC,BRD4,ENSG00000141867,5' UTR,CCG,10,1.725,1.612431162493583,1.357986844035023,1.367757317339306,99.65413533834587,-0.976104,-0.951292,-0.999852,-2.6013,0.0031367,-0.00309733,-0.0877328,0.497526,0.793732,0.577567,-0.102541
22,11-119206289-119206322-CGG,CBL,ENSG00000110395,5' UTR,CCG,11,2.367,1.5775353199637308,,1.357752121161569,99.63909774436091,-0.840258,-0.943895,-0.885825,-0.583318,0.00595479,0.000336781,-0.0160927,0.490105,1.40523,1.56438,-0.116307
23,2-39437120-39437138-GCC,MAP4K3,ENSG00000011566,5' UTR,CCG,6,0.363,0.4497698293664038,0.4734477977073033,1.3498919579661415,99.62406015037594,-0.990254,-0.999144,-0.99996,-3.60032,0.00867354,-0.000517205,-0.00248018,0.487322,2.07124,2.57613,-0.0567652
24,13-27620496-27620520-CGC,LNX2,ENSG00000139517,5' UTR,CCG,8,0.733,0.7548876461546425,0.5134757458188887,1.3472725191295905,99.60902255639098,-0.886334,-0.719832,-0.99998,-3.89851,0.00923726,0.000238197,0.0215697,0.46846,1.44367,1.98677,-0.0736954
25,6-169723983-169724022-GCC,PHF10,ENSG00000130024,5' UTR,CCG,13,0.14,0.1944327036936295,1.1941885584016383,1.3418205877862583,99.59398496240601,-0.982159,-0.999974,-0.999979,-2.9548,0.0010455,-0.00382529,-0.182289,0.493197,0.26931,0.838642,-0.0944274
26,2-118014106-118014133-GCC,CCDC93,ENSG00000125633,5' UTR,CCG,9,1.092,1.0788101598273654,1.0698338411797723,1.3378028908407706,99.57894736842105,-0.98682,-0.998963,-0.999958,-2.46563,0.00578868,-0.000185145,0.0369277,0.473098,1.6538,1.80869,-0.0635305
27,22-27919227-27919243-CCG,PITPNB,ENSG00000180957,5' UTR,CCG,5,0.317,0.2249990868562082,,1.3291370450641276,99.54887218045113,-0.998781,-0.999866,-0.99998,-5.8185,0.0132684,0.000942251,0.289312,0.329004,1.09324,2.16777,-0.0486462
28,8-60678764-60678812-GCG,CHD7,ENSG00000171316,5' UTR,CCG,16,1.839,1.2284968338351272,1.4271323011183743,1.3096169008235343,99.53383458646616,-0.169483,-0.989119,-0.994026,-2.26692,0.00541616,-0.000361992,-0.0539596,0.499691,0.448408,0.44825506,-0.117462
29,8-65841963-65841993-GCC,PDE7A,ENSG00000205268,5' UTR,CCG,10,1.727,1.623035909069845,1.6979180831521887,1.2982127471533091,99.51879699248121,-0.253331,-0.997971,-0.999945,-2.60122,0.00861159,-9.13233e-05,-0.0060391,0.491033,1.40722,1.67754,-0.0897558
30,3-196432403-196432421-CCG,UBXN7,ENSG00000163960,5' UTR,CCG,6,0.14,,,1.2949231335381461,99.50375939849624,-0.828154,-0.966723,-0.936276,-3.27145,0.397675,0.000430364,0.30188,0.341991,3.1004,4.68733,-0.0378468
31,12-123584564-123584591-GGC,TMED2,ENSG00000086598,5' UTR,CCG,9,0.616,0.6458790624517947,0.4272165820034795,1.293759793939162,99.48872180451129,-0.750444,-0.842379,-0.952154,-0.973234,0.00841462,0.000591203,0.0158652,0.487013,2.39057,3.62116,-0.0963588
32,2-98731096-98731120-GCC,MGAT4A,ENSG00000071073,5' UTR,CCG,8,0.0,1.983495344186022,1.984050870699592,1.2932874615820318,99.47368421052632,-0.997369,-0.999975,-0.99998,-3.75965,0.0427504,-0.00117216,-0.0543291,0.449289,0.819633,1.74173,-0.109124
33,16-85011331-85011349-GCG,ZDHHC7,ENSG00000153786,5' UTR,CCG,6,0.0,,,1.2890194664939016,99.45864661654136,-0.880915,-0.999908,-0.999917,-4.25495,0.00924011,-0.0016632,-0.00423589,0.485467,0.874616,1.71097,-0.00242559
34,19-1407619-1407661-GCC,DAZAP1,ENSG00000071626,5' UTR,CCG,14,2.409,2.53310591473776,2.3619691031593346,1.2878573382069052,99.44360902255639,-0.0612024,-0.99973,-0.99993,-1.99052,0.0064379,0.00115628,0.149159,0.378169,0.842421,0.83811,-0.115812
35,11-535289-535313-CCG,HRAS,ENSG00000174775,5' UTR,CCG,8,1.111,1.0748415475779385,1.2617545742650735,1.269383848441573,99.42857142857143,-0.0265221,-0.732646,-0.99927,-3.62272,-0.00143495,-0.00512558,0.174203,0.309215,0.380207,0.647227,-0.000823168
36,3-47164012-47164042-GCG,SETD2,ENSG00000181555,5' UTR,CCG,10,1.198,1.0094881889758731,1.1858775073245995,1.2684413157078376,99.41353383458646,-0.928246,-0.985326,-0.999897,-2.92994,0.0140218,-0.000459214,-0.0136766,0.497217,0.638197,0.41852,-0.118244
37,5-180291970-180291997-CCG,MAPK9,ENSG00000050748,5' UTR,CCG,9,0.855,0.8834068295872931,0.8440179170849758,1.268046053345964,99.3984962406015,-0.952279,-0.973898,-0.999973,-2.52794,0.00521036,-0.000757187,-0.121368,0.478355,0.618062,0.643523,-0.104474
38,20-1392998-1393009-GGC,FKBP1A,ENSG00000088832,5' UTR,CCG,3,0.0,,,1.2533386850967136,99.38345864661655,-0.968002,-0.979464,-0.559978,-2.32201,0.0111624,0.0031316,0.0595996,0.46475,2.63502,4.36939,0.0672015
39,2-160407663-160407674-GCG,RBMS1,ENSG00000153250,5' UTR,CCG,3,0.0,,,1.251533474564629,99.36842105263159,-0.869065,-0.118621,-0.794712,-1.23468,0.00830889,0.00119877,-0.0956201,0.498763,2.28045,3.44805,0.159166
40,17-46193347-46193365-GGC,KANSL1,ENSG00000120071,5' UTR,CCG,6,0.655,,0.9811037301635918,1.246651790683351,99.35338345864662,-0.99802,-0.969176,-0.999977,-2.73356,0.0547457,0.00316385,-0.0379937,0.496908,0.322898,0.448232,-0.120594
41,4-7939769-7939784-GCC,AFAP1,ENSG00000196526,5' UTR,CCG,5,0.281,,,1.2457340219788808,99.33834586466166,-0.951696,-0.617999,-0.092563,-2.11085,0.0585462,0.000705041,-0.027831,0.473408,2.05821,4.26042,-0.00771342
42,7-99144016-99144046-CCG,SMURF1,ENSG00000198742,5' UTR,CCG,10,0.0,1.7606630153951683,1.788006643984845,1.2431311004144299,99.30827067669173,-0.0761317,-0.967681,-0.995639,-2.53275,0.0064105,-0.0016305,-0.111137,0.499382,1.70758,2.30897,-0.127774
43,13-77326778-77326803-CGC,MYCBP2,ENSG00000005810,5' UTR,CCG,8,0.299,0.0798070487050559,,1.2390626038272248,99.29323308270676,-0.640684,-0.154586,-0.859009,-0.809609,0.0321569,-0.000797734,-0.0123191,0.486395,2.84335,3.52255,-0.0161824
44,7-7673310-7673370-AGC,UMAD1,ENSG00000219545,5' UTR,AGC,20,2.567,2.188170860782204,2.310423725130348,1.22048882348649,99.2781954887218,0.714503,-0.932952,-0.980041,-1.00596,0.177241,-0.0983856,0.127681,0.335498,1.04731,1.53433,-0.12505
45,20-47785451-47785471-GCC,SULF2,ENSG00000196562,5' UTR,CCG,6,0.519,0.4666737108513152,,1.216117852367855,99.26315789473684,-0.993905,-0.911336,-0.999961,-3.6299,-0.0113266,-0.0165747,-0.254677,0.445578,0.859531,1.71525,-0.0963899
46,20-64255723-64255747-GGC,PCMTD2,ENSG00000203880,5' UTR,CCG,8,1.905,4.272920366092006,6.379254115902461,1.1988474785859027,99.24812030075188,-0.235861,-0.245425,-0.170903,-1.13917,0.00421676,0.000343695,-0.0266371,0.494434,0.939089,1.67344,-0.0541437
47,9-69672285-69672307-GCC,APBA1,ENSG00000107282,5' UTR,CCG,7,0.313,0.2851663643530157,,1.192480670013565,99.23308270676692,-0.80134,-0.771842,-0.999754,-2.52177,0.00628925,-0.00496808,-0.140232,0.491342,1.65532,2.66576,-0.0421855
48,15-77420074-77420087-GCC,PEAK1,ENSG00000173517,5' UTR,CCG,4,0.0,,,1.1919278432471185,99.21804511278195,-1.11401e-05,-0.0662049,-0.0571465,-2.79441,0.0289082,0.00102443,0.0426804,0.458565,2.34211,4.65345,-0.0790616
49,13-77326871-77326881-CGG,MYCBP2,ENSG00000005810,5' UTR,CCG,3,0.0,,,1.190201101205459,99.203007518797,-0.842385,-0.851082,-0.0646293,-1.65787,0.367872,0.00648017,0.0740401,0.459802,1.66042,4.61578,-0.021601
50,22-19291657-19291678-CGG,CLTCL1,ENSG00000070371,5' UTR,CCG,7,0.406,0.1761363033850523,0.1816771159636836,1.1896614667523442,99.18796992481202,-0.989247,-0.898397,-0.985448,-3.03905,0.00489233,-0.00131579,-0.0169452,0.460421,1.13568,1.69026,-0.00717698
